{"cameraMode":{"drawMode":0,"name":"Shaded","section":"Shading Mode"},"sceneLighting":false,"audioPlay":false,"sceneViewState":{"showFog":true,"showMaterialUpdate":false,"showSkybox":false,"showFlares":true,"showImageEffects":true,"showParticleSystems":true},"in2DMode":false,"pivot":{"x":0.4046173095703125,"y":0.52484130859375,"z":0.31982421875},"rotation":{"x":-0.12484033405780792,"y":-0.1137455552816391,"z":0.014417804777622223,"w":-0.9855557084083557},"size":0.08561540395021439,"orthographic":true}