{"cameraMode":{"drawMode":0,"name":"Shaded","section":"Shading Mode"},"sceneLighting":true,"audioPlay":false,"sceneViewState":{"showFog":true,"showMaterialUpdate":false,"showSkybox":true,"showFlares":true,"showImageEffects":true,"showParticleSystems":true},"in2DMode":false,"pivot":{"x":-1.8741455078125,"y":1.0380859375,"z":-1.30908203125},"rotation":{"x":-0.12484033405780792,"y":-0.1137455552816391,"z":0.014417804777622223,"w":-0.9855557084083557},"size":0.7446333169937134,"orthographic":true}