{"cameraMode":{"drawMode":0,"name":"Shaded","section":"Shading Mode"},"sceneLighting":true,"audioPlay":false,"sceneViewState":{"showFog":true,"showMaterialUpdate":false,"showSkybox":true,"showFlares":true,"showImageEffects":true,"showParticleSystems":true},"in2DMode":false,"pivot":{"x":0.02403959631919861,"y":1.2600104808807374,"z":-1.0310285091400147},"rotation":{"x":0.32102906703948977,"y":-0.03124556690454483,"z":0.010597930289804936,"w":0.9464960694313049},"size":1.527166485786438,"orthographic":true}